c0,c1,c2,c3,c4,c5,c6,c7,c8,c9,c10,c11,c12,c13,c14,c15,c16,c17,c18,c19,c20,c21,c22,c23,c24,c25,c26,c27,c28,c29,c30,c31,c32,c33,c34,c35,c36,c37,c38,c39,c40,c41,c42,c43,c44,c45,c46
0,Dragonite,,149,M,2648,155,12,10,15,82.2,50,50,Dragon Breath,Outrage,Dragon Claw,2026-09-01,,2024-01-01,10kg,1m,0,0,0,1000,97.1,,,,,,,,95.1,,,,,,,,,,,,,
1,Garchomp,,445,M,2631,190,15,12,12,86.7,50,50,Mud Shot,Outrage,Earthquake,2026-09-01,,2024-01-01,10kg,1m,0,0,0,1000,95.3,,,,,,,,93.3,,,,,,,,,,,,,
2,Azumarill,,184,M,1498,140,15,14,15,97.8,38,38,Bubble,Ice Beam,Play Rough,2026-09-01,,2024-01-01,10kg,1m,0,0,0,1000,98.2,,,,,,,,96.2,,,,,,,,,,,,,
3,Machamp,,68,M,2400,165,14,14,13,91.1,50,50,Counter,Dynamic Punch,Cross Chop,2026-09-01,,2024-01-01,10kg,1m,0,0,0,1000,94.0,,,,,,,,92.0,,,,,,,,,,,,,
4,Pikachu,,25,M,800,90,15,15,15,100.0,35,35,Thunder Shock,Wild Charge,,2026-09-01,,2024-01-01,10kg,1m,0,0,0,1000,100.0,,,,,,,,98.0,,,,,,,,,,,,,
5,Gyarados,,130,F,2422,154,15,15,15,100.0,50,50,Waterfall,Crunch,Hydro Pump,2026-09-01,,2024-01-01,10kg,1m,0,0,0,1000,96.0,,,,,,,,94.0,,,,,,,,,,,,,
6,Caterpie,,10,M,300,60,15,15,15,100.0,30,30,Bug Bite,Struggle,,2026-09-01,,2024-01-01,10kg,1m,0,0,0,1000,100.0,,,,,,,,98.0,,,,,,,,,,,,,
7,Altaria,,334,M,1495,125,3,14,15,71.1,38,38,Dragon Breath,Dragon Pulse,Sky Attack,2026-09-01,,2024-01-01,10kg,1m,0,0,0,1000,95.1,,,,,,,,93.1,,,,,,,,,,,,,
8,Skarmory,,227,M,1498,130,2,15,14,68.9,40,40,Steel Wing,Brave Bird,Sky Attack,2026-09-01,,2024-01-01,10kg,1m,0,0,0,1000,94.2,,,,,,,,92.2,,,,,,,,,,,,,
9,Medicham,,308,F,1490,118,1,15,15,68.9,40,40,Counter,Dynamic Punch,Psychic,2026-09-01,,2024-01-01,10kg,1m,0,0,0,1000,93.6,,,,,,,,91.6,,,,,,,,,,,,,
